{"cameraMode":{"drawMode":0,"name":"Shaded","section":"Shading Mode"},"sceneLighting":false,"audioPlay":false,"sceneViewState":{"m_AlwaysRefresh":false,"showFog":true,"showSkybox":false,"showFlares":true,"showImageEffects":true,"showParticleSystems":true,"showVisualEffectGraphs":true,"m_FxEnabled":true},"in2DMode":false,"pivot":{"x":-0.20842909812927247,"y":0.9106267690658569,"z":0.6050224900245667},"rotation":{"x":-0.25562283396720889,"y":0.3711521625518799,"z":-0.10705195367336273,"w":-0.8862519860267639},"size":1.9747273921966553,"orthographic":false}